0.04339699074626,0.02404953725636,0.037239700555801,0.024769807234406,0.0042765461839736,0.0055935350246727,0.0095854895189404,0.009615215472877,0.012095587328076,0.00685531552881,0.024263150990009,0.021755648776889,0.00075239426223561,0.0027819077949971,0.018184160813689,0.018864108249545,0.0040274057537317,0.0085024433210492,-0.0045697027817369,-0.00027565661002882,0.012937123887241,0.011432557366788,0.0091348253190517,0.014425870031118,0.011510012671351,0.0023284037597477,-0.0037335944361985,0.012009630911052,0.017601130530238,0.018228735774755,-0.0028928159736097,0.014646354131401,-0.0061651463620365,0.010809062980115,-0.0077517866156995,-0.0054348236881196,-0.015199875459075,-0.0031366804614663,-0.011043638922274,-0.016501355916262,-0.0091736819595098,0.0047048819251359,0.0022561373189092,0.020501501858234,0.025315133854747
0.027270535007119,0.032502915710211,0.018070315942168,0.0059609715826809,0.012056419625878,0.0091154342517257,0.02438585087657,0.014451388269663,0.017804261296988,0.030515687540174,0.0047250865027308,0.011830871924758,-0.0082529447972775,0.0054119657725096,0.0095099471509457,0.011930914595723,0.0041986531578004,0.0023352359421551,0.0033355585765094,0.0077936067245901,0.0079037118703127,0.0020607665646821,0.01397608127445,0.021887494251132,0.016423722729087,-0.0016893621068448,0.0054701617918909,-0.0028433345723897,0.011907562613487,0.0061167147941887,0.021673873066902,0.013320194557309,0.0057606399059296,-0.011134593747556,0.010635673068464,0.0041320063173771,-0.009516753256321,-0.015859814360738,-0.023182203993201,-0.0071516041643918,-0.015344376675785,-0.017050782218575,-0.0077602840028703,0.021088192239404,0.019610377028584
0.023021835833788,0.018038434907794,-0.0017860276857391,0.0028620264492929,0.010190927423537,-0.0031397852580994,0.010922242887318,0.017945397645235,0.019914804026484,0.018102042376995,0.015899889171124,0.0059932228177786,-0.002391295041889,-0.0023224621545523,0.011011358350515,0.012199653312564,0.01305356156081,0.010801925323904,0.016349852085114,0.0081954058259726,0.010649984702468,0.0077466843649745,0.014351981692016,0.0123450178653,0.021144933998585,-0.005509877577424,-0.015007328242064,-0.0073136491701007,0.0076027824543417,0.010880776681006,0.017744120210409,-0.0053165648132563,-0.0076061454601586,-0.0033446231391281,-0.0052466574124992,-0.0091257998719811,-0.01824220456183,-0.004960416816175,-0.023775327950716,-0.026462158188224,-0.015495399013162,-0.0068186735734344,0.0086722280830145,0.0056230970658362,0.0077848797664046
0.014059158042073,0.019672606140375,-0.00056928157573566,-0.00076278671622276,0.0012269315775484,-0.0001982487301575,-0.01298551633954,0.0052134073339403,0.0035982173867524,0.0044866288080812,-0.0033911350183189,-0.015180272981524,-0.015137628652155,0.0042692157439888,-0.0046042953617871,-0.0052823824808002,0.0042812689207494,0.0099864397197962,0.022871658205986,0.016506051644683,0.02188172377646,0.011484690010548,0.0044783595949411,0.014760944992304,-0.0030573569238186,-0.011739919893444,0.0067109414376318,-0.005712297745049,-0.0058751800097525,-0.00032812272547744,0.013768116943538,-0.001557105104439,-0.0021195751614869,-0.011920447461307,-0.010293027386069,-0.012783531099558,0.00082870537880808,-0.015391498804092,-0.0042563802562654,-0.035723499953747,-0.010565248318017,0.0060499180108309,-0.0024047014303505,-0.0056405309587717,0.0046632192097604
0.0012725319247693,-0.011004770174623,-0.0084641240537167,-0.0088404193520546,-0.012195008806884,0.0015759373782203,-0.0046608517877758,-0.017327699810266,0.0089259706437588,-0.01391073781997,-0.011791231110692,-0.003967450466007,-0.005505342502147,0.005142935551703,0.0066595603711903,-0.011245260946453,-0.0063342456705868,-0.0029320544563234,0.023908181115985,0.0057124220766127,0.020241569727659,-0.00062130857259035,0.0069212070666254,-0.01309653185308,0.0083857364952564,-8.7324689957313e-05,-0.0013113938039169,-0.011214532889426,-0.019450614228845,-0.0059814685955644,0.0042592883110046,0.0064235059544444,-0.0035529031883925,-0.0080169076099992,-0.025952821597457,-0.0035957996733487,0.0028123345691711,0.0044854963198304,-0.016998160630465,-0.015799641609192,-0.020782561972737,-0.0023862179368734,-0.0078824749216437,-0.0049499250017107,0.0052018747664988
0.02176383510232,-0.0053786998614669,-0.0076446277089417,-0.015839578583837,-0.0053555276244879,-0.024110661819577,-0.028989959508181,-0.026825154200196,-0.016196019947529,-0.018000340089202,-0.0086289849132299,-0.010458360426128,-0.0091515509411693,0.0052616489119828,-0.011799349449575,-0.0019614417105913,0.0078492099419236,0.009552201256156,-0.013046246953309,-0.00056811794638634,0.0066723576746881,0.0046085263602436,-0.0097554847598076,-0.0005433380138129,-0.011920060962439,-0.0087533425539732,0.0036383187398314,-0.0038836875464767,-0.0028406023047864,-0.015853095799685,-0.00028042722260579,-0.012563430704176,-0.026494400575757,-0.01042387727648,-0.027291379868984,-0.0021672239527106,-0.0015431551728398,-0.011497447267175,0.0065653948113322,-0.013126747682691,0.0038477468769997,0.0037941879127175,-0.010643260553479,-0.0029313501436263,0.0059567489661276
0.01092876214534,0.0070308889262378,-0.0097757782787085,-0.018896101042628,-0.022482505068183,-0.022118825465441,-0.021434936672449,-0.01781315356493,-0.012599204666913,-0.0055727236904204,-0.013025213964283,-0.0036125043407083,0.002771734027192,-0.00010352204117225,-0.0095878001302481,-0.0072995619848371,-0.0051310756243765,-0.012956666760147,0.0059970398433506,-0.0021229565609246,0.012856105342507,0.0027581388130784,0.0045939413830638,0.0029003766831011,-0.00056157738436013,0.0065726088359952,-0.012071922421455,-0.014534723944962,-0.015174305997789,0.0094107436016202,-0.00098637177143246,-0.015812652185559,-0.0099528478458524,-0.0094703007489443,0.0019824630580842,0.0028786659240723,0.0048676067963243,-0.0025170755106956,-0.0090846298262477,-0.019682800397277,0.00010501621000003,-0.0035604245495051,-0.014957613311708,-0.010319436900318,-0.0056429598480463
0.019779285416007,-0.0012270469451323,-0.011461128480732,-0.018431287258863,-0.0028625002596527,-0.02261376939714,-0.0094331800937653,-0.023162394762039,0.0019626901485026,-0.0039035433437675,-0.014770736917853,-0.0091203888878226,-0.00089843617752194,-0.002258061664179,-0.00066886172862723,0.010056810453534,-0.006377559620887,0.01193396281451,-0.0070550669915974,0.0023175599053502,0.011295798234642,0.0022469328250736,0.013455592095852,0.0095417946577072,0.0011545066954568,0.012352426536381,0.015536229126155,-0.0073697855696082,0.00052990450058132,0.01324815209955,-0.0088655352592468,-0.012085528112948,0.0026792902499437,0.0048096557147801,-0.0056277555413544,0.017083620652556,0.0078104883432388,-0.0090199131518602,-0.018450848758221,0.0022440887987614,-0.0022215221542865,-0.02002689614892,-0.010377876460552,0.0016527764964849,-0.016700711101294
0.0067540560849011,-0.0031819746363908,-0.0084267044439912,-0.022324930876493,-0.024858299642801,-0.0039759143255651,-0.0085719851776958,-0.0051541025750339,-0.015578404068947,-0.0094767604023218,-0.011627622880042,-0.014050926081836,-0.003787785070017,-0.0065647247247398,-0.00055367033928633,-0.0080357203260064,0.0097523853182793,0.013695208355784,0.022023284807801,0.0018042224692181,0.011544877663255,0.015350831672549,0.0053227501921356,0.023792702704668,0.014979920350015,0.014080527238548,0.026485556736588,0.0025252650957555,0.0035653938539326,-0.0044660377316177,0.010871694423258,-0.0026344037614763,0.012121362611651,0.017839226871729,0.0054885689169168,0.000951403810177,0.027509717270732,-0.0036474512889981,-0.0012359184911475,0.0051658041775227,-0.00083076272858307,-0.02027484215796,-0.0037280153483152,-0.015759406611323,-0.015732700005174
-0.002116181422025,-0.0040350127965212,-0.0097106117755175,-0.012349511496723,-0.012758035212755,-0.021830013021827,-0.011336824856699,-0.028710804879665,-0.025210561230779,-0.0062993885949254,0.00077969307312742,-0.013120673596859,-0.0058553731068969,-0.020248748362064,0.0046975123696029,0.011300622485578,-0.0079712569713593,0.014344249852002,0.008241094648838,0.027150234207511,0.0088743520900607,0.014753950759768,0.019957302138209,0.001048338599503,0.027995277196169,0.012917607091367,0.0040524420328438,0.023302797228098,0.011349964886904,0.017241595312953,-0.0037150101270527,0.010726447217166,0.014901857823133,-0.0048277541063726,0.0055002388544381,-0.0023944480344653,-0.0023821862414479,0.0017925535794348,0.001195119228214,-0.0076945377513766,0.0045023425482213,-0.022349974140525,-0.0205636061728,0.00071661855326965,-0.011683946475387
0.011046871542931,0.012491819448769,0.0089380880817771,-0.0067811026237905,-0.017563937231898,-0.018499502912164,-0.0074471822008491,-0.016895672306418,-0.012884701602161,-0.036205299198627,-0.019891725853086,-0.014964924193919,-0.026429567486048,-0.0012748211156577,-0.0019114697352052,-0.0033318446949124,0.0072902990505099,0.022553792223334,0.020528830587864,0.032946314662695,0.036527045071125,0.020178221166134,0.011586423031986,0.012443751096725,0.004034195560962,0.013646379113197,0.019275013357401,0.012281121686101,0.011001852340996,0.015656935051084,0.018150895833969,-0.010820335708559,-0.0014876628993079,-0.013945346698165,-0.014230216853321,-0.0097788423299789,0.011267093010247,0.0050696525722742,0.01010109949857,-0.0019988163840026,-0.0076859346590936,-0.0080851651728153,-0.01007916778326,-0.0011087120510638,-0.0093796867877245
0.00021144472702872,0.017762640491128,0.011183270253241,0.00087099266238511,-0.015677453950047,-0.005334313493222,0.0065526515245438,-0.023384397849441,-0.031033270061016,-0.023135391995311,-0.024900915101171,-0.015299598686397,-0.0061885807663202,0.0038143207784742,0.0081085823476315,0.013411488384008,-0.00096293224487454,0.0090712234377861,0.0046683019027114,0.01165390945971,0.020065732300282,0.025749476626515,0.0046311970800161,0.010635476559401,0.02997986972332,0.032756764441729,0.026268573477864,0.012837261892855,0.01110171712935,0.023110883310437,0.007659871596843,0.0067809233441949,-0.012302167713642,-0.014751675538719,-0.010970844887197,-0.001901907264255,0.0054010204039514,-0.0081678703427315,0.0053151794709265,0.027878120541573,0.01089331228286,0.0034147724509239,-0.0078647015616298,-0.015707341954112,-0.019935062155128
0.0081786718219519,0.026245096698403,-0.00073112535756081,-0.0039373100735247,-0.0097792046144605,-0.0014627608470619,0.011057198047638,0.0021392747294158,-0.02381419762969,-0.022612327709794,-0.017009792849422,0.0083022164180875,0.0085864793509245,0.019595040008426,0.005682478658855,0.012934369035065,-0.0074997157789767,-0.0027226000092924,0.0089424457401037,0.027804631739855,0.016103930771351,0.0013145582051948,0.0062992894090712,0.01412255782634,0.023744033649564,0.036810215562582,0.023545609787107,-0.0016282125143334,0.014680860564113,0.019441269338131,0.004347930662334,-0.0047196140512824,0.0019039037870243,-0.0041055744513869,-0.010619862936437,-0.018772438168526,-0.011222534812987,0.00033746473491192,0.0070349699817598,0.022712802514434,0.0022734911181033,-0.003268503351137,0.0024370478931814,0.0021691455040127,-0.031132722273469
0.0025733830407262,0.012399530038238,0.010918089188635,0.021027544513345,-0.0029819719493389,0.0048198429867625,-0.00032766402000561,0.0064862440340221,-0.0059472308494151,-0.0018729504663497,0.0064108516089618,0.0057354471646249,0.0017326887464151,-0.0023024356923997,-0.0032841281499714,-0.0017957742093131,-0.0074917804449797,0.017724374309182,0.0026091311592609,0.012563169933856,0.010055403225124,0.0035192263312638,-0.0030892610084265,0.013810646720231,0.017026320099831,0.021912096068263,0.018703270703554,-0.0017151116626337,0.012632715515792,0.014777737669647,0.013816204853356,0.010516038164496,0.0070619466714561,0.010039862245321,-0.0030583015177399,-0.0054482715204358,-0.0088619934394956,0.008355600759387,0.012449801899493,0.0030695195309818,0.010011769831181,-0.0047948393039405,-0.00020032183965668,-0.0004614686476998,-0.016511276364326
0.017957504838705,0.012003845535219,0.0028595349285752,0.017274169251323,0.015392735600471,0.0027532509993762,0.002276137471199,-0.0051150876097381,-0.0033616309519857,-0.015776384621859,0.0068324580788612,-0.012208167463541,0.0034239161759615,0.010696657933295,0.0077051538974047,0.0055898232385516,0.020014820620418,0.014733572490513,0.0089112017303705,0.012017162516713,-0.0056582451798022,0.0076117576099932,-0.0081937508657575,0.017431486397982,0.017697440460324,0.0093227373436093,0.0061852564103901,-0.0052180462516844,-0.00638797134161,0.0050029596313834,0.0070514483377337,-0.0007929609855637,0.001223481609486,0.0053623248822987,-0.017011212185025,-0.015954863280058,-0.017390033230186,-0.005433414131403,-0.0040714875794947,0.0094568869099021,0.006547671277076,-0.020128386095166,-0.0096600130200386,0.0013860332546756,-0.032574068754911
0.014626475051045,0.011445947922766,-0.0019281234126538,0.00014825937978458,0.002557935193181,-0.00087553239427507,0.0023898053914309,-0.0092732161283493,-0.0077766054309905,-0.017020048573613,0.0020351754501462,0.016975870355964,-0.0047546294517815,-0.01026289910078,0.016220204532146,0.016068540513515,0.02499290369451,0.023448808118701,0.0051592877134681,0.0042155617848039,0.01409141626209,0.0038681668229401,0.0075680450536311,0.018048424273729,0.01150416303426,0.0044023157097399,-0.0036342493258417,-0.0030540653970093,-0.0047802818007767,0.0039063305594027,0.0095066577196121,0.0087122423574328,-0.0067853666841984,0.0098402593284845,-0.014537022449076,-0.0014087616000324,-0.014739877544343,0.004070064984262,-0.00063890020828694,0.00037507675006054,-0.0079815033823252,-0.0080301975831389,-0.020066959783435,-0.016980363056064,-0.00556087680161
0.02175635099411,0.019898697733879,0.0076117860153317,-0.0054982965812087,0.0037798527628183,-0.0033947094343603,-0.0072928853332996,0.0092837335541844,-0.0010641913395375,0.0027672376018018,-0.0069359480403364,0.0056048175320029,0.015245890244842,-0.0058941682800651,0.011321506462991,0.020812777802348,-3.134059443255e-05,0.016696896404028,0.027661891654134,0.021933706477284,0.010082136839628,0.013535337522626,0.0034269914031029,-0.00060817215126008,0.020133130252361,0.0068123936653137,-0.0065443757921457,0.011271112598479,-0.0023365481756628,0.016968818381429,0.0012768174055964,0.011122663505375,0.015158438123763,0.011280650272965,-0.015995493158698,-0.0010909991106018,0.0038662552833557,0.0042372313328087,-0.0092937778681517,0.0038119603414088,-0.0050165727734566,0.00042899057734758,0.011478614993393,-0.017299426719546,-0.020853096619248
0.014112381264567,-0.0061424919404089,0.0070276753976941,-0.0060023246333003,-0.004020232707262,0.0052776662632823,-0.0032377694733441,0.0022686163429171,-0.0086795231327415,0.00052587897516787,-0.0091277780011296,-0.0057495785877109,-0.0001436678430764,0.01072417665273,8.3984268712811e-05,0.0044002626091242,0.0023837955668569,0.0066807703115046,0.0083853919059038,-0.002094462281093,0.021611731499434,0.012892937287688,0.014053734950721,0.015036700293422,0.013599934987724,-0.0017728576203808,-0.0067551131360233,-0.0091385720297694,0.0065948972478509,0.016915135085583,0.0078274169936776,-0.00047746484051459,0.0026938915252686,-0.0085462629795074,-0.018193719908595,-0.021229257807136,-0.018285991623998,-0.024725969880819,-0.00086929852841422,0.0094540948048234,0.0014961755368859,-0.0054169469512999,0.010007890872657,-0.0074862204492092,-0.0015513262478635
-0.0059955548495054,0.0092254122719169,0.011982573196292,-0.0033885594457388,0.0091736353933811,-0.010101087391376,-0.012150448746979,-0.008284910582006,0.00024692309671082,-0.011469540186226,-0.0040123891085386,0.0065201921388507,0.0018945349147543,0.0040372908115387,0.021242765709758,0.0063882791437209,0.0075293513946235,0.0021958074066788,0.00067785277497023,0.0048464639112353,0.025013953447342,0.02882613427937,0.035463836044073,0.018385617062449,0.011883607134223,-0.0026963425334543,0.015838894993067,-0.0060163391754031,-0.0071437517181039,-0.00011001808161382,0.0060356352478266,0.017223224043846,0.008397463709116,-0.0084503525868058,-0.010209182277322,0.0010784838814288,-0.019433962181211,-0.012175844982266,-0.0047563961707056,-0.0036796045023948,0.013654106296599,-0.00081242067972198,-0.0034752788487822,-0.00041398842586204,-0.012419462203979
0.0066910614259541,0.0034028885420412,-0.011288736015558,0.0085803372785449,0.0034257485531271,-0.021407244727015,-0.013951987028122,-0.0060368343256414,-0.0084600262343884,-0.014991302974522,0.010099365375936,0.0012705085100606,0.0097040729597211,0.018803307786584,0.005629294551909,0.0075277201831341,2.8677603040705e-05,0.011720829643309,0.0044696270488203,0.023258447647095,0.015803707763553,0.019585805013776,0.047194708138704,0.043168552219868,0.024949846789241,0.016422232612967,0.00066287314984947,0.015701834112406,0.0075699961744249,0.0072000394575298,0.011886484920979,0.011043597944081,0.011724821291864,0.0036743488162756,-0.019187334924936,-0.0033230830449611,-0.022156117483974,-0.013788083568215,-0.014641158282757,-0.0053134779445827,-0.009832726791501,0.0090391673147678,0.010875884443521,0.0073015023954213,-0.0035186191089451
0.00092602195218205,0.004600836429745,-0.0063107097521424,0.0091345263645053,-0.011466866359115,-0.022570926696062,-0.027402592822909,-0.014179070480168,-0.028188111260533,-0.010342884808779,-0.013210037723184,-0.010635867714882,0.018949780613184,0.0079336408525705,0.023454083129764,0.032570540904999,0.031195031479001,0.0075830849818885,0.023584393784404,0.028041804209352,0.034246552735567,0.025643814355135,0.023984467610717,0.024020517244935,0.033684588968754,0.015925018116832,0.023338943719864,0.0094744665548205,0.014487247914076,0.0046613812446594,0.016873441636562,0.022465558722615,0.016759894788265,-0.0027116683777422,-0.018970552831888,-0.0058440756984055,-0.0084330122917891,-0.0071962676011026,0.0011526426533237,-0.009998669847846,-0.0044505782425404,0.018723903223872,0.013666390441358,0.0054903239943087,0.011428892612457
0.0057770358398557,-0.0099063441157341,0.0087160393595695,0.0067356671206653,-0.0098813883960247,-0.026444701477885,-0.024430446326733,-0.024349100887775,-0.021936792880297,-0.0061669540591538,-0.0078829191625118,-0.0059554278850555,-0.0076657379977405,0.017920572310686,0.028992131352425,0.032917760312557,0.0214977953583,0.020647116005421,0.024713516235352,0.023667735978961,0.0037254048511386,0.024781864136457,0.035918120294809,0.029798645526171,0.023451533168554,0.021688476204872,0.0071478267200291,0.010185124352574,0.018350398167968,0.0089269513264298,0.025189187377691,0.017823608592153,0.021947771310806,0.0004028856055811,0.0085200499743223,0.0066969548352063,0.0066967802122235,-0.010403896681964,0.0018523960607126,-0.0029483225662261,-0.00655652070418,0.0027820409741253,0.0079816207289696,0.012386058457196,0.012438252568245
0.0051085227169096,0.0070489924401045,-0.001083507318981,-0.0012805322185159,0.0064663477241993,-0.0071564498357475,-0.026171162724495,-0.018092857673764,-0.012519149109721,-0.0088020768016577,-0.015632791444659,-0.011461414396763,0.0048325462266803,0.0065885921940207,0.033683549612761,0.033900782465935,0.019100850448012,0.0059318253770471,0.012099348008633,0.021663820371032,0.02370023727417,0.0033613103441894,0.013782558962703,0.020944057032466,0.025602005422115,0.040063291788101,0.0041993265040219,0.01094176247716,0.022335691377521,0.019389182329178,0.03689232468605,0.022685302421451,0.014363165944815,0.0077566476538777,-0.0063258167356253,-0.020894235000014,-0.0080875689163804,-0.028168858960271,-0.0050187557935715,-0.012095469981432,-0.0045820204541087,0.01153015345335,0.010936830192804,0.00034241261892021,0.00021701509831473
-0.00087195518426597,-0.0053512859158218,-0.00079629308311269,-0.009868286550045,0.011528155766428,-0.015846354886889,-0.0053833825513721,-0.02927484922111,-0.017067963257432,-0.022654792293906,0.00020827021216974,-0.0061757336370647,0.010766318067908,0.0077954442240298,0.017775716260076,0.038433626294136,0.022098341956735,0.020035019144416,0.01476045884192,0.014704778790474,0.0082481438294053,0.021496899425983,0.0066151050850749,0.024967394769192,0.018416730687022,0.0051956824027002,0.011508228257298,0.013547506183386,0.021922441199422,0.0084920441731811,0.024508645758033,0.032002955675125,0.031725611537695,0.027452401816845,0.0026672771200538,0.006859770976007,-0.012769966386259,-0.00078073499025777,-0.023328462615609,-0.0085870595648885,-0.0027586633805186,-0.0033675776794553,0.0068741459399462,0.0015134031418711,0.0069346707314253
0.0031332166399807,-0.013129414059222,-0.011477693915367,0.0041023837402463,-0.0058498322032392,0.0018239980563521,-0.0052633960731328,-0.00075579580152407,0.00037662670365535,-0.005705941002816,0.0055714915506542,-0.0021900429856032,0.0027753473259509,0.018901074305177,0.025103563442826,0.0077498853206635,0.02160957083106,0.0062656663358212,-0.005826570559293,0.013876074925065,-0.0063297632150352,0.011755207553506,0.012522404082119,0.027760721743107,0.019232640042901,0.0016622686525807,0.013022936880589,0.026747539639473,0.027746802195907,0.021649271249771,0.029898809269071,0.032074920833111,0.024751340970397,0.026497026905417,0.013859363272786,0.0027285923715681,-0.0039745555259287,-0.011302507482469,-0.0043041724711657,-0.0029622511938214,-0.0060368748381734,0.010651889257133,0.0020846503321081,0.017706423997879,0.0031832186505198
-0.013515101745725,-0.0059658219106495,0.012115874327719,-0.0046673007309437,-0.015022654086351,-0.011591354385018,-0.016548160463572,0.0021054290700704,-0.0087870070710778,-0.0042897770181298,-0.00039055984234437,-0.0061957146972418,0.014592928811908,0.019962798804045,0.01843374222517,0.0082690231502056,0.0012680916115642,0.0041128774173558,-0.012683620676398,0.006481506396085,-0.018807742744684,0.0067949397489429,-0.0033410342875868,0.011037156917155,0.027523837983608,0.015148815698922,0.012835662811995,0.0053556477651,0.019096489995718,0.035214845091105,0.031880337744951,0.030868755653501,0.014034741558135,0.02073934674263,0.0096699465066195,0.017074169591069,0.0042712893337011,0.0033207556698471,-0.0071936491876841,-0.0024298643693328,-0.0090830037370324,0.0013730255886912,-0.013383513316512,0.013785689137876,0.0083897886797786
0.005363411270082,0.0019524839008227,-0.014827735722065,-0.00069020665250719,-0.0036809861194342,-0.0072323461063206,-0.015901282429695,-0.0083000129088759,-0.001653233426623,0.002490472747013,-0.00735954195261,0.018817355856299,0.027177220210433,0.02881939150393,0.0098643936216831,-0.0017284748610109,-0.020347649231553,-0.020907074213028,-0.014867997728288,0.0054680556058884,-0.0083304820582271,0.020265163853765,0.022241342812777,0.0049852174706757,0.014086860232055,0.0054922304116189,0.019763322547078,0.004007781855762,0.026260452345014,0.015200990252197,0.019048741087317,0.030358791351318,0.031043171882629,0.037826258689165,0.013150461949408,-0.00012169980618637,0.01378555689007,-0.0016097545158118,0.0026336775626987,-0.016091922298074,-0.0069761932827532,0.0061460505239666,0.010103930719197,0.0058054034598172,0.010615390725434
0.0018141330219805,-0.025828871876001,-0.019274931401014,-0.0031170565634966,-0.0045938892289996,-0.0029954060446471,-0.016175128519535,-0.023858167231083,-0.016061576083302,0.0099857086315751,0.012888483703136,0.026361037045717,0.030791610479355,0.029950633645058,0.0074327336624265,-0.0065294038504362,-0.0050243209116161,-0.010678129270673,-0.017428712919354,-0.0014239636948332,-0.0097866514697671,0.017416132614017,0.019226558506489,0.012306931428611,0.021814631298184,-0.007641086820513,0.0033804858103395,0.003625103039667,-0.0021445006132126,0.011272852309048,0.017728667706251,0.032627537846565,0.032309614121914,0.030034508556128,0.013515640981495,0.0089587271213531,-0.010213209316134,-0.012342434376478,-0.0093508269637823,-0.028252767398953,-0.023813569918275,-0.017764784395695,0.0061220536008477,-3.4631873859325e-05,0.0030586414504796
-0.0047011096030474,-0.019600661471486,-0.011189169250429,-0.010165655985475,-0.023676307871938,-0.014428811147809,-0.013535547070205,-0.027368500828743,0.0043804217129946,0.0071045393124223,0.024480139836669,0.016311084851623,0.017581135034561,0.021829450502992,0.023083126172423,0.0083997957408428,0.00018475156684872,0.006664568092674,-0.0084966802969575,-0.014942667447031,-0.01965418830514,0.00048457673983648,0.0097922775894403,-0.0027301055379212,-0.0020889190491289,-0.0032716558780521,-0.0034898698795587,-0.0018799934769049,-0.011445939540863,-0.010354901663959,0.0064147566445172,0.012677274644375,0.0092744044959545,0.0051669296808541,0.0017470647580922,-0.012601654045284,-0.017363753169775,-0.0072759022004902,-0.023597659543157,-0.019510669633746,-0.0098419953137636,-0.015408609062433,-0.01655581407249,0.012872353196144,0.0085549466311932
0.0051027913577855,-0.025777189061046,-0.0098628140985966,-0.025119457393885,-0.02369175106287,-0.023428970947862,-0.025102730840445,-0.0052124802023172,-0.011316361837089,-0.01272657699883,0.0067580086179078,0.0052809487096965,0.021748619154096,0.017587319016457,0.0083567779511213,0.015788437798619,0.00050782086327672,-0.0068115782923996,-0.019362622871995,-0.015098312869668,-0.011891114525497,0.0066646551713347,0.0062643885612488,0.0017137069953606,0.0091215688735247,0.0028246361762285,-0.0051245032809675,-0.0052215093746781,0.010919230058789,-0.0016654137289152,0.00452118832618,0.0085180383175611,0.00030789969605394,0.01509172283113,0.0017705517821014,-0.016859183087945,-0.021631496027112,-0.02082041837275,-0.030129365622997,-0.0097568389028311,-0.0040762173011899,-0.016677502542734,-0.0031328047625721,-0.0038616277743131,-0.010186051949859
-0.022262766957283,-0.0021607589442283,-0.023548098281026,-0.0045166723430157,-0.028145119547844,-0.029185300692916,-0.018479013815522,-0.0333685092628,-0.012787353247404,-0.016998970881104,-0.0085733691230416,0.010240353643894,-0.0041867182590067,0.017956402152777,0.010776220820844,0.0085489628836513,0.0027739133220166,-0.0015259144129232,0.0046437261626124,-0.014897751621902,-0.027626857161522,-0.017764490097761,0.0031334883533418,0.0033269680570811,-0.0015791305340827,-0.0028763529844582,-0.0090605681762099,-0.014818300493062,-0.0063520292751491,0.0030915366951376,0.0080184154212475,-0.010262249037623,-0.00071114080492407,0.0040865652263165,0.0044968933798373,-0.0086617851629853,-0.026079835370183,-0.017932435497642,-4.6011333324714e-05,-0.0042560114525259,-0.013182389549911,0.0062845209613442,-0.013821179978549,0.0012859886046499,0.0043649598956108
-0.0081641133874655,0.00068517110776156,-0.027598220854998,-0.0035822114441544,-0.022441459819674,-0.016379857435822,-0.0098320655524731,-0.030632350593805,-0.015333635732532,-0.028255982324481,-0.005961611866951,0.0043392037041485,-0.0076847411692142,-0.0093956487253308,0.0094510354101658,0.007464449852705,0.016932021826506,0.0038347856607288,-0.011257301084697,-0.012200593948364,-0.0069831009022892,-0.0057808626443148,-0.0090983603149652,-0.017813116312027,-0.0082143116742373,0.0044969166629016,-0.014113043434918,-0.0027661765925586,0.00032605207525194,-0.012505520135164,0.0096002370119095,0.0011742525966838,0.0040239277295768,-0.010094812139869,-0.019527409225702,-0.012776252813637,-0.0030341094825417,-0.017875662073493,-0.0035103817936033,-0.0094028133898973,-0.014076095074415,-0.010903387330472,-0.0077036255970597,0.0038722229655832,-0.00040952270501293
0.0063540982082486,-0.023762730881572,-0.019139399752021,-0.013344127684832,-0.019508937373757,-0.0053233350627124,-0.024317298084497,-0.01240161433816,-0.025615377351642,-0.0078529883176088,-0.023575469851494,-0.00061281834496185,-0.014758475124836,0.0012236837064847,-0.0033982088789344,-5.3386444051284e-05,0.014981691725552,0.016867997124791,-0.0042702578939497,0.010838890448213,-0.017686055973172,-0.0011147970799357,-0.012433503754437,-0.0046789371408522,-0.0013981368392706,-0.0052036442793906,-0.0062568071298301,0.0062981178052723,0.0070265606045723,-0.0030845268629491,-0.0054901340045035,-0.0074687390588224,-0.014451655559242,0.009031686000526,-0.013507914729416,-0.01930208876729,-0.02318424358964,0.0054992167279124,0.0011707664234564,-0.014735517092049,-0.015275453217328,-0.01078677829355,0.0029268832877278,0.0076601281762123,0.001472283503972
-0.0018984968774021,-0.017932400107384,-0.023348595947027,-0.019290652126074,-0.012314074672759,-0.0073885074816644,-0.0089662000536919,-0.023959102109075,-0.023475874215364,-0.028454720973969,-0.024826757609844,-0.02170142531395,-0.0055600227788091,-0.0067539103329182,0.017531650140882,0.016820525750518,-0.0028509316034615,0.0097418911755085,-0.0067860488779843,0.0077401557937264,0.0061491481028497,0.00031886523356661,-0.025021128356457,-0.019725430756807,-0.0079761277884245,0.0049346787855029,-0.00042244596988894,0.0038145524449646,-0.0022380440495908,0.01332294754684,-0.0090070413425565,-0.0053919120691717,0.0080149369314313,0.0008728185785003,0.0057058581151068,0.0019605665002018,0.010927984490991,0.01172186434269,-0.0059883836656809,-0.014144209213555,-0.017063992097974,0.010259962640703,0.0079106967896223,-0.0097121139988303,-0.010493628680706
-0.0049066049978137,-0.0049362815916538,-0.0040815365500748,0.00033636827720329,-0.02104426920414,0.00199771579355,-0.020202673971653,-0.00033464215812273,-0.0072624455206096,-1.7347932953271e-05,-0.005653562489897,-0.021354988217354,-0.0078528886660933,-0.016730837523937,0.012941448949277,-0.0027817101217806,0.0019840218592435,0.0085246954113245,0.017587557435036,0.01879726536572,0.0044297948479652,-0.009202373214066,-0.022537106648088,-0.0049376981332898,-0.013031523674726,-0.015814388170838,-0.00263104098849,0.005503527354449,0.010245990939438,0.0072942790575325,-0.0060604466125369,0.011946578510106,0.019780911505222,0.0086104227229953,0.0087759122252464,0.0037597105838358,0.012880519032478,0.011905546300113,0.008826800622046,-0.013997286558151,-0.0048111686483026,-0.0021233442239463,-0.003565774532035,0.0083008874207735,0.0040753209032118
-0.017402013763785,-0.013579011894763,-0.017606006935239,-0.019460111856461,-0.010563895106316,-0.0053219147957861,-0.015027964487672,0.0055885785259306,-0.015357094816864,-0.0049716923385859,-0.0067697367630899,-0.0044251526705921,-0.010170824825764,0.002612192183733,0.0038177953101695,-0.0019993509631604,-0.0014239971060306,-0.0075242477469146,-0.0090335998684168,0.0051820436492562,-0.0072700558230281,-0.0099647706374526,-0.010871750302613,-0.022537773475051,-0.0040867449715734,-0.0075383461080492,-0.016334535554051,0.0057471618056297,0.00024055090034381,0.0093747787177563,0.014656483195722,0.0010096828918904,0.014896674081683,-0.0094034550711513,0.0010686797322705,-0.0016659172251821,0.0032095680944622,0.0096152350306511,0.0057466928847134,0.00041691135265864,-0.0029233151581138,-0.0095868650823832,0.0065003223717213,0.015826355665922,0.0017290555406362
-0.026896126568317,-0.017903221771121,-0.0060593322850764,-0.01491732802242,-0.018907677382231,0.0014374653110281,-0.00565923191607,0.0068367542698979,-0.0046068066731095,0.0087164221331477,-0.017407545819879,-0.0033222155179828,-0.013623951934278,-0.014354351907969,-0.0052044996991754,-0.023612733930349,-0.003362231887877,-0.0081853503361344,-0.012236401438713,-0.010586737655103,-0.009044804610312,-0.013425777666271,-0.018492856994271,-0.021747058257461,-0.025162341073155,-0.0042972089722753,-0.023147305473685,-0.0091319298371673,9.8779586551245e-05,-0.021933225914836,0.0027737885247916,-0.0037468813825399,-0.0020071612671018,0.0032217376865447,0.0066690486855805,0.00027523905737326,0.010326432064176,-0.0051026423461735,-0.0093561578541994,0.0055384398438036,0.014381679706275,0.0076312166638672,0.0034904445055872,0.0073131737299263,-0.013510518707335
-0.025304159149528,-0.010994617827237,-0.026635956019163,-0.011666845530272,-0.011979567818344,-0.017235023900867,-0.011188670061529,-0.0088679464533925,0.0057172463275492,0.0054741301573813,-0.01377588044852,-0.01288656052202,-0.012393523007631,-0.026020044460893,-0.015251704491675,-0.027251657098532,-0.014860490337014,0.0024276196490973,0.0028377862181515,0.00018134867423214,-0.0066553424112499,0.0038808165118098,-0.0076197972521186,-0.015943614766002,-0.017110079526901,-0.023851864039898,-0.010482668876648,-0.020230202004313,-0.023913145065308,-0.016650704666972,-0.0070115462876856,0.011922710575163,0.0012558578746393,-0.0058402405120432,-0.007880300283432,-0.0072364406660199,-0.014328018762171,-0.0064073032699525,-0.012063768692315,-0.0061335726641119,0.0031499960459769,0.010975024662912,0.0034223815891892,0.00051191245438531,-0.015301409177482
